received_satisfaction_survey,mobile_app_logins_12m,transaction_count_3m,complaints_3m,number_of_debit_cards,online_banking_logins_12m,loan_payments_3m,push_clicks_12m,credit_utilization_ratio,days_from_last_web_login,city_population,avg_monthly_spend_3m,number_of_loans,tenure_months,household_size,support_contacts_3m,days_from_last_login,online_banking_logins_3m,age,annual_income,avg_monthly_spend_12m,num_business_accounts,total_loan_amount,number_of_accounts,churn,marketing_emails_opened_3m,avg_time_spent_per_login_minutes_12m,avg_monthly_balance_3m,mobile_app_logins_3m,current_balance,complaints_12m,num_student_accounts,declined_transactions_12m,employment_status,num_standard_accounts,filled_satisfaction_survey,marketing_emails_opened_12m,gender,nps_segment,days_from_last_app_login,transaction_volume_3m,customer_id,push_clicks_3m,support_contacts_12m,avg_monthly_balance_12m,last_support_contact_days,transaction_volume_12m,avg_time_spent_per_login_minutes_3m,main_account_type,credit_limit,transaction_count_12m,declined_transactions_3m,num_savings_accounts,revolving_balance,loan_payments_12m,days_from_last_transaction,education_level,number_of_credit_cards
,,,,,,,,,,,,,,,,,,,,,,,,,,,,,,,,,,,,,,,,,,,,,,,,,,,,,,,,,
,,,,,,,,,,,,,,,,,,,,,,,,,,,,,,,,,,,,,,,,,,,,,,,,,,,,,,,,,
,,,,,,,,,,,,,,,,,,,,,,,,,,,,,,,,,,,,,,,,,,,,,,,,,,,,,,,,,
,,,,,,,,,,,,,,,,,,,,,,,,,,,,,,,,,,,,,,,,,,,,,,,,,,,,,,,,,
,,,,,,,,,,,,,,,,,,,,,,,,,,,,,,,,,,,,,,,,,,,,,,,,,,,,,,,,,
,,,,,,,,,,,,,,,,,,,,,,,,,,,,,,,,,,,,,,,,,,,,,,,,,,,,,,,,,
,,,,,,,,,,,,,,,,,,,,,,,,,,,,,,,,,,,,,,,,,,,,,,,,,,,,,,,,,
,,,,,,,,,,,,,,,,,,,,,,,,,,,,,,,,,,,,,,,,,,,,,,,,,,,,,,,,,
,,,,,,,,,,,,,,,,,,,,,,,,,,,,,,,,,,,,,,,,,,,,,,,,,,,,,,,,,
,,,,,,,,,,,,,,,,,,,,,,,,,,,,,,,,,,,,,,,,,,,,,,,,,,,,,,,,,
